{"lr": 0.001993987975951905, "data_time": 0.24641648292541504, "grad_norm": 15.380740034580231, "loss": 1.2379978047311306, "loss_rpn_cls": 0.4434413493052125, "loss_rpn_bbox": 0.29916342325508594, "loss_cls": 0.44907883550971744, "acc": 98.6328125, "loss_bbox": 0.04631418576547731, "time": 0.685743350982666, "epoch": 1, "iter": 50, "memory": 2299, "step": 50}
{"lr": 0.0023279893119572508, "data_time": 0.0015407896041870117, "grad_norm": 12.158979120254516, "loss": 1.2690889132022858, "loss_rpn_cls": 0.4552335783839226, "loss_rpn_bbox": 0.36292022429406645, "loss_cls": 0.37742299295961856, "acc": 99.609375, "loss_bbox": 0.07351212833797036, "time": 0.3592124605178833, "epoch": 1, "iter": 100, "memory": 3700, "step": 100}
{"lr": 0.0026619906479625976, "data_time": 0.0015455818176269532, "grad_norm": 15.243012323379517, "loss": 1.075334461480379, "loss_rpn_cls": 0.34564102739095687, "loss_rpn_bbox": 0.30394307307899, "loss_cls": 0.400469216927886, "acc": 99.8046875, "loss_bbox": 0.025281160221638857, "time": 0.40532999992370605, "epoch": 1, "iter": 150, "memory": 5459, "step": 150}
{"lr": 0.0029959919839679435, "data_time": 0.0017351055145263673, "grad_norm": 7.526617213487625, "loss": 0.960811957642436, "loss_rpn_cls": 0.25969588544219735, "loss_rpn_bbox": 0.21588349315803498, "loss_cls": 0.3569668985903263, "acc": 97.4609375, "loss_bbox": 0.12826567582698772, "time": 0.3549644994735718, "epoch": 1, "iter": 200, "memory": 2183, "step": 200}
{"lr": 0.0033299933199732895, "data_time": 0.0016118621826171876, "grad_norm": 8.48871652007103, "loss": 0.9650765511393548, "loss_rpn_cls": 0.27343627020716665, "loss_rpn_bbox": 0.23705329453572632, "loss_cls": 0.36673551112413405, "acc": 75.0, "loss_bbox": 0.08785147316484654, "time": 0.3545543193817139, "epoch": 1, "iter": 250, "memory": 3421, "step": 250}
{"lr": 0.003663994655978637, "data_time": 0.001582045555114746, "grad_norm": 11.502415030002593, "loss": 1.3223629683256148, "loss_rpn_cls": 0.3698963324725628, "loss_rpn_bbox": 0.36986832179129125, "loss_cls": 0.43597628638148306, "acc": 99.8046875, "loss_bbox": 0.146622019149072, "time": 0.3661525869369507, "epoch": 1, "iter": 300, "memory": 2806, "step": 300}
{"lr": 0.00399799599198398, "data_time": 0.0015069961547851563, "grad_norm": 5.0816418552398686, "loss": 0.9960829362273216, "loss_rpn_cls": 0.31017794013023375, "loss_rpn_bbox": 0.2768362630158663, "loss_cls": 0.30555337578058245, "acc": 99.609375, "loss_bbox": 0.1035153514889862, "time": 0.36107075691223145, "epoch": 1, "iter": 350, "memory": 2420, "step": 350}
{"lr": 0.004331997327989329, "data_time": 0.0014931821823120116, "grad_norm": 4.025256228446961, "loss": 0.9264154416322709, "loss_rpn_cls": 0.2856777024269104, "loss_rpn_bbox": 0.2715288077387959, "loss_cls": 0.2600892742350698, "acc": 75.0, "loss_bbox": 0.10911965399965994, "time": 0.36975075721740724, "epoch": 1, "iter": 400, "memory": 2896, "step": 400}
{"lr": 0.004665998663994672, "data_time": 0.0015751838684082032, "grad_norm": 3.9159417605400084, "loss": 0.7476034364849329, "loss_rpn_cls": 0.23311116576194763, "loss_rpn_bbox": 0.20755068644881247, "loss_cls": 0.2318062250316143, "acc": 88.4765625, "loss_bbox": 0.07513536276092055, "time": 0.3675603246688843, "epoch": 1, "iter": 450, "memory": 2347, "step": 450}
{"lr": 0.005000000000000022, "data_time": 0.001432185173034668, "grad_norm": 4.853345839977265, "loss": 1.045219010412693, "loss_rpn_cls": 0.2683498588204384, "loss_rpn_bbox": 0.26960867170244457, "loss_cls": 0.33240007974207403, "acc": 91.40625, "loss_bbox": 0.1748603942849877, "time": 0.37573445320129395, "epoch": 1, "iter": 500, "memory": 2978, "step": 500}
{"lr": 0.005000000000000022, "data_time": 0.001418914794921875, "grad_norm": 7.360589654445648, "loss": 1.183021540939808, "loss_rpn_cls": 0.3641798794269562, "loss_rpn_bbox": 0.3286722353519872, "loss_cls": 0.334116941280663, "acc": 92.7734375, "loss_bbox": 0.15605247848958242, "time": 0.38140586376190183, "epoch": 1, "iter": 550, "memory": 2929, "step": 550}
